<?xml version="1.0" encoding="UTF-8"?>
<project-private xmlns="http://www.netbeans.org/ns/project-private/1">
    <editor-bookmarks xmlns="http://www.netbeans.org/ns/editor-bookmarks/2" lastBookmarkId="0"/>
    <open-files xmlns="http://www.netbeans.org/ns/projectui-open-files/2">
        <group>
            <file>file:/C:/Users/User/Documents/NetBeansProjects/The%20Cakery/src/cakeryDBHandler.java</file>
            <file>file:/C:/Users/User/Documents/NetBeansProjects/The%20Cakery/src/FirstPage.java</file>
            <file>file:/C:/Users/User/Documents/NetBeansProjects/The%20Cakery/src/Login_Form.java</file>
            <file>file:/C:/Users/User/Documents/NetBeansProjects/The%20Cakery/src/CustomerHome.java</file>
            <file>file:/C:/Users/User/Documents/NetBeansProjects/The%20Cakery/src/Main.java</file>
            <file>file:/C:/Users/User/Documents/NetBeansProjects/The%20Cakery/src/EmployeeHome.java</file>
            <file>file:/C:/Users/User/Documents/NetBeansProjects/The%20Cakery/src/EmployeeLogin.java</file>
            <file>file:/C:/Users/User/Documents/NetBeansProjects/The%20Cakery/src/NewJFrame.java</file>
        </group>
    </open-files>
</project-private>
